Time(Iteration),GeneralizedLinearBandit
0,0.15775865999294378
100,14.951203231902506
200,29.008851357729696
300,42.666215911262164
400,56.204265632401516
