Time(Iteration),GeneralizedLinearBandit
0,0.4689324316786731
100,26.942087324972636
