Time(Iteration),LinearThompsonSamplingMAB
0,0.37143825763522365
100,32.95736399783609
200,61.770548550139736
300,87.30719768588995
400,109.36595826374905
