Time(Iteration),GeneralizedLinearBandit
0,0.3506879996328841
100,24.238898557022207
200,35.951901528498524
300,43.2390379987941
400,47.90207990730089
