Time(Iteration),GeneralizedLinearBandit
0,0.4207510582281965
100,24.486621004200362
200,36.506190227172844
300,44.514196972870764
400,50.149318166058656
500,53.915117561286365
