Time(Iteration),EpsilonGreedyMultiArmedBandit
0,0.4514887502693779
100,20.984248307875205
