Time(Iteration),GeneralizedLinearBandit
0,0.3963911394641749
100,25.88679471649645
