Time(Iteration),LinearThompsonSamplingMAB
0,0.49000129821434335
100,35.62291932754136
200,66.08807571412191
300,92.89829903822077
400,116.29617562645267
