Time(Iteration),GeneralizedLinearBanditTheta
0,0.9683731279573455
100,0.2663368479834025
200,0.23039322041048038
300,0.22155502995027546
400,0.2225370588527868
