Time(Iteration),GeneralizedLinearBanditTheta
0,0.9797617271200305
100,0.3178764470334859
