Time(Iteration),GeneralizedLinearBanditTheta
0,0.9883275166926264
100,0.29994201046736657
