Time(Iteration),GeneralizedLinearBanditTheta
0,0.9914504000730677
100,0.96715110187293
200,0.9484433180673146
300,0.946578528900956
400,0.9429540489306263
