Time(Iteration),GeneralizedLinearBanditTheta
0,0.9935741088231449
100,0.2700141726183667
200,0.24034788379122812
300,0.22428604330578078
400,0.21828347402051831
500,0.21134891801376382
