Time(Iteration),LinearThompsonSamplingMABTheta
0,0.9848049136667791
100,0.26567421196489127
200,0.18505844425420342
300,0.1571898689839255
400,0.1445143413186188
